text,label
ada sekitar 250 siswa baru yang hadir dan mendengarkan materi dari kami,neutral
yang pertama adalah soal mark up harga beras dan yang kedua adalah soal masalah tertahan beras yang di tanjung priok itu demurrage dua hal tersebut yang kami melaporkan pada hari ini dua nama ya artinya kepala bapanas dan ka bulog yang akan kami laporkan,negative
chatbot perplexity menghasilkan teks enam paragraf dan 287 kata yang merangkum kesimpulan cerita dan bukti yang digunakan untuk mencapainya,neutral
kami selalu mengajak seluruh elemen masyarakat untuk bersama sama mendukung upaya kami dalam menciptakan lingkungan yang aman dan damai karena menjaga keamanan wilayah bukan hanya menjadi tanggungjawab pihak kepolisian namun juga menjadi tanggungjawab seluruh pihak dan elemen masyarakat,positive
anggota polri untuk memegang teguh janji tribrata agar tetap solid secara internal dan sinergis secara eksternal,positive
alhamdulillah pendaftaran pbsb secara online dibuka mulai 3 juli 2024,positive
hari ini kita menyalurkan bantuan bpjs ketenagakerjaan untuk 300 nelayan di padang pariaman yang telah memiliki kartu usaha pelaku perikanan kusuka sebab kita menyadari bahwa bekerja sebagai nelayan risikonya tinggi sehingga jaminan kesehatan dan ketenagkerjaannya sangat penting,positive
sampai mei 2024 total klaim untuk tekstil alas kaki dan garmen adalah 12 586 dengan manfaat nominal yang sudah diberikan sebesar rp385 miliar,neutral
sebenarnya tidak ada larangan tapi tidak ada arahan agak unik memang pilgub di jateng biar yang lain sudah ramai kok pdi perjuangan sepi sepi saja tapi kita menyakini akan ada perintah dan masih ada waktu untuk melakukan pemenangan,neutral
termasuk pdip yang meskipun baru secara informal pdip juga oke dengan pak anies bila saja kalau calon wakil gubernurnya atau dalam pasangan itu ada pdip nya,neutral
